{
	"info": {
		"_postman_id": "afc521b0-d71d-4fa0-ab75-3caaa290f07a",
		"name": "MISA.eKYC v2",
		"schema": "https://schema.getpostman.com/json/collection/v2.1.0/collection.json"
	},
	"item": [
		{
			"name": "System",
			"item": [
				{
					"name": "Check Health",
					"event": [
						{
							"listen": "test",
							"script": {
								"exec": [
									"pm.test(\"Check status\", function() {",
									"    pm.response.to.have.status(200);",
									"})"
								],
								"type": "text/javascript"
							}
						}
					],
					"request": {
						"auth": {
							"type": "noauth"
						},
						"method": "GET",
						"header": [],
						"url": {
							"raw": "{{baseUrl}}/",
							"host": [
								"{{baseUrl}}"
							],
							"path": [
								""
							]
						}
					},
					"response": []
				},
				{
					"name": "Check Health",
					"event": [
						{
							"listen": "test",
							"script": {
								"exec": [
									"pm.test(\"Check status\", function() {",
									"    pm.response.to.have.status(200);",
									"})"
								],
								"type": "text/javascript"
							}
						}
					],
					"request": {
						"auth": {
							"type": "noauth"
						},
						"method": "GET",
						"header": [],
						"url": {
							"raw": "{{baseUrl}}/healthz",
							"host": [
								"{{baseUrl}}"
							],
							"path": [
								"healthz"
							]
						}
					},
					"response": []
				}
			]
		},
		{
			"name": "Card",
			"item": [
				{
					"name": "1. Categorize ID card",
					"request": {
						"method": "POST",
						"header": [
							{
								"key": "request-id",
								"value": "{{requestId}}",
								"type": "text"
							}
						],
						"body": {
							"mode": "formdata",
							"formdata": [
								{
									"key": "image",
									"description": "Input ID card image. Maximum 1 card in the image",
									"type": "file",
									"src": "/home/misa/Workspace/Company/Products/MISA.eKYC2/data/raw/data_test/chip_backside/chip_backside_15.jpg"
								},
								{
									"key": "params",
									"value": "{}",
									"type": "text",
									"disabled": true
								}
							]
						},
						"url": {
							"raw": "{{baseUrl}}/cards/category",
							"host": [
								"{{baseUrl}}"
							],
							"path": [
								"cards",
								"category"
							]
						}
					},
					"response": []
				},
				{
					"name": "2. Extract Information",
					"request": {
						"method": "POST",
						"header": [
							{
								"key": "request-id",
								"value": "abc",
								"description": "Can be used as name to save image",
								"type": "text"
							}
						],
						"body": {
							"mode": "formdata",
							"formdata": [
								{
									"key": "image",
									"description": "Input ID card image",
									"type": "file",
									"src": "/home/misa/Downloads/31a5adb7-cccd_e794f7a2de744b43b1a60f238d00f65f638201688845220412.jpg"
								},
								{
									"key": "image_back",
									"description": "Back side of ID card image",
									"type": "file",
									"src": [],
									"disabled": true
								},
								{
									"key": "params",
									"value": "{\"quality\":false, \"liveness\":false, \"mrz\":false,\"qr\":true, \"split_location\":true}",
									"type": "text"
								}
							]
						},
						"url": {
							"raw": "{{baseUrl}}/cards/ocr",
							"host": [
								"{{baseUrl}}"
							],
							"path": [
								"cards",
								"ocr"
							]
						}
					},
					"response": []
				},
				{
					"name": "3. Submit Info Verified by User",
					"event": [
						{
							"listen": "test",
							"script": {
								"exec": [
									"pm.test(\"Check status\", function() {",
									"    pm.response.to.have.status(200);",
									"})"
								],
								"type": "text/javascript"
							}
						}
					],
					"request": {
						"method": "POST",
						"header": [
							{
								"key": "request-id",
								"value": "{{requestId}}",
								"description": "Can be used to log information",
								"type": "text"
							}
						],
						"body": {
							"mode": "formdata",
							"formdata": [
								{
									"key": "data",
									"value": "{\"category\": [\"passport\"], \"dob\": \"01/01/2000\", \"doe\": \"31/12/2030\", \"name\": \"NGUYỄN VĂN AN\", \"id\": \"324326545\", \"passport_id\": \"P00382185\", \"sex\": \"Nam\", \"address\": \"Số 13, Phường 7, Gò Vấp, TP. Hồ Chí Minh\", \"home\": \"Hồng Giang, Đông Hưng, Thái Bình\", \"post_code\": [{\"city\": [\"Tỉnh Thái Bình\"], \"district\": [\"Huyện Đông Hưng\"], \"ward\": [\"Xã Hồng Giang\"], \"detail\": \"\", \"type\": \"home\"}, {\"city\": [\"Thành phố Hồ Chí Minh\"], \"district\": [ \"Quận Gò Vấp\"], \"ward\": [ \"Phường 7\"], \"detail\": \"Số 13\", \"type\": \"address\"}]}",
									"type": "text"
								},
								{
									"key": "params",
									"value": "{}",
									"type": "text"
								}
							]
						},
						"url": {
							"raw": "{{baseUrl}}/cards/info",
							"host": [
								"{{baseUrl}}"
							],
							"path": [
								"cards",
								"info"
							]
						}
					},
					"response": []
				},
				{
					"name": "4. Assess Quality",
					"event": [
						{
							"listen": "test",
							"script": {
								"exec": [
									"pm.test(\"Check status\", function() {",
									"    pm.response.to.have.status(200);",
									"})"
								],
								"type": "text/javascript"
							}
						}
					],
					"request": {
						"method": "POST",
						"header": [
							{
								"key": "request-id",
								"value": "{{requestId}}",
								"type": "text"
							}
						],
						"body": {
							"mode": "formdata",
							"formdata": [
								{
									"key": "image",
									"description": "Input ID card image. Maximum 1 card in the image",
									"type": "file",
									"src": "/home/misa/Desktop/chip_frontside_8.jpg"
								},
								{
									"key": "params",
									"value": "{}",
									"type": "text",
									"disabled": true
								}
							]
						},
						"url": {
							"raw": "{{baseUrl}}/cards/quality",
							"host": [
								"{{baseUrl}}"
							],
							"path": [
								"cards",
								"quality"
							]
						}
					},
					"response": []
				},
				{
					"name": "5. Check liveness",
					"event": [
						{
							"listen": "test",
							"script": {
								"exec": [
									"pm.test(\"Check status\", function() {",
									"    pm.response.to.have.status(200);",
									"})"
								],
								"type": "text/javascript"
							}
						}
					],
					"request": {
						"method": "POST",
						"header": [
							{
								"key": "request-id",
								"value": "{{requestId}}",
								"type": "text"
							}
						],
						"body": {
							"mode": "formdata",
							"formdata": [
								{
									"key": "image",
									"description": "Input ID card image. Maximum 1 card in the image",
									"type": "file",
									"src": "/home/misa/Workspace/Company/Products/MISA.eKYC2/data/temp/images/3.png"
								},
								{
									"key": "params",
									"value": "{}",
									"type": "text",
									"disabled": true
								}
							]
						},
						"url": {
							"raw": "{{baseUrl}}/cards/liveness",
							"host": [
								"{{baseUrl}}"
							],
							"path": [
								"cards",
								"liveness"
							]
						}
					},
					"response": []
				},
				{
					"name": "Get Image",
					"request": {
						"method": "GET",
						"header": [],
						"url": {
							"raw": "{{baseUrl}}/cards/image?request_id={{requestId}}",
							"host": [
								"{{baseUrl}}"
							],
							"path": [
								"cards",
								"image"
							],
							"query": [
								{
									"key": "request_id",
									"value": "{{requestId}}"
								}
							]
						}
					},
					"response": []
				},
				{
					"name": "Get Front Image",
					"request": {
						"method": "GET",
						"header": [],
						"url": {
							"raw": "{{baseUrl}}/cards/image/front?request_id={{requestId}}",
							"host": [
								"{{baseUrl}}"
							],
							"path": [
								"cards",
								"image",
								"front"
							],
							"query": [
								{
									"key": "request_id",
									"value": "{{requestId}}"
								}
							]
						}
					},
					"response": []
				},
				{
					"name": "Get Back Image",
					"request": {
						"method": "GET",
						"header": [],
						"url": {
							"raw": "{{baseUrl}}/cards/image/back?request_id={{requestId}}",
							"host": [
								"{{baseUrl}}"
							],
							"path": [
								"cards",
								"image",
								"back"
							],
							"query": [
								{
									"key": "request_id",
									"value": "{{requestId}}"
								}
							]
						}
					},
					"response": []
				}
			]
		},
		{
			"name": "Face",
			"item": [
				{
					"name": "1. Verify face match ID card",
					"event": [
						{
							"listen": "test",
							"script": {
								"exec": [
									"pm.test(\"Check status\", function() {",
									"    pm.response.to.have.status(200);",
									"})"
								],
								"type": "text/javascript"
							}
						}
					],
					"request": {
						"method": "POST",
						"header": [
							{
								"key": "request-id",
								"value": "{{requestId}}",
								"type": "text"
							}
						],
						"body": {
							"mode": "formdata",
							"formdata": [
								{
									"key": "face_image",
									"description": "Input face image. Maximum 1 face in the image",
									"type": "file",
									"src": "/home/misa/Pictures/IMG_1658_-45.jpg"
								},
								{
									"key": "card_image",
									"description": "Input ID card image. Maximum 1 card in the image",
									"type": "file",
									"src": "/home/misa/Desktop/IMG_1465_crop.jpg"
								},
								{
									"key": "params",
									"value": "{}",
									"type": "text",
									"disabled": true
								}
							]
						},
						"url": {
							"raw": "{{baseUrl}}/faces/verify",
							"host": [
								"{{baseUrl}}"
							],
							"path": [
								"faces",
								"verify"
							]
						}
					},
					"response": []
				},
				{
					"name": "2. Assess Quality",
					"event": [
						{
							"listen": "test",
							"script": {
								"exec": [
									"pm.test(\"Check status\", function() {",
									"    pm.response.to.have.status(200);",
									"})"
								],
								"type": "text/javascript"
							}
						}
					],
					"request": {
						"method": "POST",
						"header": [
							{
								"key": "request-id",
								"value": "{{requestId}}",
								"type": "text"
							}
						],
						"body": {
							"mode": "formdata",
							"formdata": [
								{
									"key": "image",
									"description": "Input face image. Maximum 1 face in the image",
									"type": "file",
									"src": "/home/misa/Workspace/Company/Products/MISA.eKYC2/data/raw/face_test/face1 (2).jpg"
								},
								{
									"key": "params",
									"value": "{}",
									"type": "text",
									"disabled": true
								}
							]
						},
						"url": {
							"raw": "{{baseUrl}}/faces/quality",
							"host": [
								"{{baseUrl}}"
							],
							"path": [
								"faces",
								"quality"
							]
						}
					},
					"response": []
				},
				{
					"name": "3. Check liveness",
					"event": [
						{
							"listen": "test",
							"script": {
								"exec": [
									"pm.test(\"Check status\", function() {",
									"    pm.response.to.have.status(200);",
									"})"
								],
								"type": "text/javascript"
							}
						}
					],
					"request": {
						"method": "POST",
						"header": [
							{
								"key": "request-id",
								"value": "{{requestId}}",
								"type": "text"
							}
						],
						"body": {
							"mode": "formdata",
							"formdata": [
								{
									"key": "image",
									"description": "Input face image. Maximum 1 face in the image",
									"type": "file",
									"src": "/home/misa/Desktop/close_eye.jpg"
								},
								{
									"key": "params",
									"value": "{}",
									"type": "text",
									"disabled": true
								}
							]
						},
						"url": {
							"raw": "{{baseUrl}}/faces/liveness",
							"host": [
								"{{baseUrl}}"
							],
							"path": [
								"faces",
								"liveness"
							]
						}
					},
					"response": []
				},
				{
					"name": "Get Image",
					"request": {
						"method": "GET",
						"header": [],
						"url": {
							"raw": "{{baseUrl}}/faces/image?request_id={{requestId}}",
							"host": [
								"{{baseUrl}}"
							],
							"path": [
								"faces",
								"image"
							],
							"query": [
								{
									"key": "request_id",
									"value": "{{requestId}}"
								}
							]
						}
					},
					"response": []
				}
			]
		}
	],
	"auth": {
		"type": "apikey",
		"apikey": [
			{
				"key": "value",
				"value": "{{apiKey}}",
				"type": "string"
			},
			{
				"key": "key",
				"value": "api-key",
				"type": "string"
			}
		]
	},
	"event": [
		{
			"listen": "prerequest",
			"script": {
				"type": "text/javascript",
				"exec": [
					""
				]
			}
		},
		{
			"listen": "test",
			"script": {
				"type": "text/javascript",
				"exec": [
					""
				]
			}
		}
	],
	"variable": [
		{
			"key": "baseUrl",
			"value": "https://aiservice.misa.vn/ekyc/v2"
		},
		{
			"key": "apiKey",
			"value": "YOUR_API_KEY"
		}
	]
}